epsilon11,epsilon12,epsilon22,sigma11,sigma12,sigma22,nu12
1,1.13964e-15,-0.3,1,8.76649e-16,4.23443e-15,0.3,
1.25,1.58436e-15,-0.375,1.25,1.21874e-15,8.33909e-15,0.3,
1.5,1.68497e-15,-0.45,1.5,1.29613e-15,9.6563e-15,0.3,
1.75,1.70697e-15,-0.525,1.75,1.31305e-15,7.23534e-15,0.3,
2,2.27929e-15,-0.6,2,1.7533e-15,8.46886e-15,0.3,
